[{"@type":"mappingTemplate","id":"@1","name":"Mapping_RESTV2","description":"First update","autoExpireObject":false,"bundleVersion":"0","assetFrsGuid":"3BbE8BT3NEKho5OFcNmZ88","templateId":"@3","deployTime":1763555077000,"hasParameters":false,"valid":true,"fixedConnection":true,"hasParametersDeployed":false,"fixedConnectionDeployed":true,"isSchemaValidationEnabled":false,"tasks":0,"mappingPreviewFileRecordId":"@2","documentType":"MAPPING","allowMaxFieldLength":false,"specialCharacterSupport":false,"references":[{"@type":"reference","refObjectId":"@iUpGo8xwROQdHaAN2rjNsL","refType":"connection"},{"@type":"reference","refObjectId":"@3q4dMxzjAEVbq1f9gwH9Oa","refType":"connection"}]}]